{
	"info": {
		"_postman_id": "4072807e-03fc-4518-9afb-4ab2e99c5249",
		"name": "contentstack",
		"schema": "https://schema.getpostman.com/json/collection/v2.1.0/collection.json"
	},
	"item": [
		{
			"name": "https://cdn.contentstack.io/v3/content_types/product/entries?environment=production&locale=en-us&query={\"color\": +\"Gold\"}",
			"protocolProfileBehavior": {
				"disableBodyPruning": true
			},
			"request": {
				"method": "GET",
				"header": [],
				"body": {
					"mode": "raw",
					"raw": ""
				},
				"url": {
					"raw": "https://cdn.contentstack.io/v3/content_types/product/entries?environment=production&locale=en-us&query={\"color\": +\"Gold\"}",
					"protocol": "https",
					"host": [
						"cdn",
						"contentstack",
						"io"
					],
					"path": [
						"v3",
						"content_types",
						"product",
						"entries"
					],
					"query": [
						{
							"key": "environment",
							"value": "production"
						},
						{
							"key": "locale",
							"value": "en-us"
						},
						{
							"key": "query",
							"value": "{\"color\": +\"Gold\"}"
						}
					]
				}
			},
			"response": [
				{
					"name": "Default",
					"originalRequest": {
						"method": "GET",
						"header": [],
						"body": {
							"mode": "raw",
							"raw": ""
						},
						"url": {
							"raw": "https://cdn.contentstack.io/v3/content_types/product/entries?environment=production&locale=en-us&query={\"color\": +\"Gold\"}",
							"protocol": "https",
							"host": [
								"cdn",
								"contentstack",
								"io"
							],
							"path": [
								"v3",
								"content_types",
								"product",
								"entries"
							],
							"query": [
								{
									"key": "environment",
									"value": "production"
								},
								{
									"key": "locale",
									"value": "en-us"
								},
								{
									"key": "query",
									"value": "{\"color\": +\"Gold\"}"
								}
							]
						}
					},
					"_postman_previewlanguage": null,
					"header": null,
					"cookie": [],
					"body": null
				}
			]
		},
		{
			"name": "https://cdn.contentstack.io/v3/content_types/news/entries?environment=production",
			"request": {
				"method": "GET",
				"header": [
					{
						"key": "api_key",
						"value": "blt920bb7e90248f607",
						"type": "text"
					},
					{
						"key": "access_token",
						"value": "blt0c4300391e033d4a59eb2857",
						"type": "text"
					},
					{
						"key": "environment",
						"value": "production",
						"type": "text",
						"disabled": true
					}
				],
				"url": {
					"raw": "https://cdn.contentstack.io/v3/content_types/news/entries?environment=production",
					"protocol": "https",
					"host": [
						"cdn",
						"contentstack",
						"io"
					],
					"path": [
						"v3",
						"content_types",
						"news",
						"entries"
					],
					"query": [
						{
							"key": "environment",
							"value": "production"
						}
					]
				}
			},
			"response": []
		}
	],
	"protocolProfileBehavior": {}
}